season,id,comp,round,round_alt,date,opponent,venue,min,min_alt,gf,ga,gd,scorer_first,scorer_last,assist_official,assist_1st,assist_2nd,note,expanded_note,id_scorer,id_assist_official,id_assist_1st,id_assist_2nd,og_scorer,og_assist_official,og_assist_1st,og_assist_2nd
2021-22,21-22-001,Kreisliga A,MD1,1,2021-09-12,BV Brambauer 13/​45 e.V.,Home,31,31,1,0,1,Ana,Zabell,Bergmann,Bergmann,,,No Second Assist (Bergmann Corner),zabell,bergmann,bergmann,,,,,
2021-22,21-22-002,Kreisliga A,MD1,1,2021-09-12,BV Brambauer 13/​45 e.V.,Home,39,39,2,0,2,Vanessa,Heim,Lau,Lau,,,No Second Assist (Lau won the ball),heim,lau,lau,,,,,
2021-22,21-22-003,Kreisliga A,MD1,1,2021-09-12,BV Brambauer 13/​45 e.V.,Home,57,57,3,0,3,Virginia,Glänzer,Bergmann,Bergmann,Klemann,,,glanzer,bergmann,bergmann,klemann,,,,
2021-22,21-22-004,Kreisliga A,MD1,1,2021-09-12,BV Brambauer 13/​45 e.V.,Home,65,65,4,0,4,Hannah,Goosmann,,Heim,,,No Official Assist (Rebound of shot by Heim); No Second Assist (Heim free kick),goosmann,,heim,,,,,
2021-22,21-22-005,Kreisliga A,MD1,1,2021-09-12,BV Brambauer 13/​45 e.V.,Home,72,72,5,0,5,Vanessa,Heim,,Lau,Rogge-Herper,,No Official Assist (Rebound of shot by Lau),heim,,lau,rogge-herper,,,,
2021-22,21-22-006,Kreisliga A,MD1,1,2021-09-12,BV Brambauer 13/​45 e.V.,Home,76,76,6,0,6,Ann-Katrin,Lau,Rogge-Herper,Rogge-Herper,Klemann,,,lau,rogge-herper,rogge-herper,klemann,,,,
2021-22,21-22-007,Kreisliga A,MD1,1,2021-09-12,BV Brambauer 13/​45 e.V.,Home,88,88,7,0,7,Ana,Zabell,Rogge-Herper,Rogge-Herper,Goosmann,,,zabell,rogge-herper,rogge-herper,goosmann,,,,
2021-22,21-22-008,Kreisliga A,MD1,1,2021-09-12,BV Brambauer 13/​45 e.V.,Home,91,91,8,0,8,Lisa,Klemann,Zabell,Zabell,Glänzer,,,klemann,zabell,zabell,glanzer,,,,
2021-22,21-22-009,Kreispokal,R1,1,2021-09-17,Urania Lütgendortmund,Away,9,9,1,0,1,Ana,Zabell,Heim,Heim,Gerres,,,zabell,heim,heim,gerres,,,,
2021-22,21-22-010,Kreispokal,R1,1,2021-09-17,Urania Lütgendortmund,Away,22,22,2,0,2,Ana,Zabell,Heim,Heim,,,No Second Assist (Zabell won the ball); Combination (Zabell-Heim-Zabell),zabell,heim,heim,,,,,
2021-22,21-22-011,Kreispokal,R1,1,2021-09-17,Urania Lütgendortmund,Away,27,27,3,0,3,Carolin,Kaul,Jung,Jung,Zabell,,,kaul,jung,jung,zabell,,,,
2021-22,21-22-012,Kreispokal,R1,1,2021-09-17,Urania Lütgendortmund,Away,29,29,4,0,4,Vanessa,Heim,Höhl,Höhl,,,No Second Assist (Höhl Corner),heim,hohl,hohl,,,,,
2021-22,21-22-013,Kreispokal,R1,1,2021-09-17,Urania Lütgendortmund,Away,31,31,5,0,5,Lilli,Prinzen,,Höhl,,,No Official Assist (Corner deflected off defender); No Second Assist (Höhl Corner),prinzen,,hohl,,,,,
2021-22,21-22-014,Kreispokal,R1,1,2021-09-17,Urania Lütgendortmund,Away,34,34,6,0,6,Vanessa,Heim,Kaul,Kaul,Prinzen,,Combination (Heim-Kaul-Heim),heim,kaul,kaul,prinzen,,,,
2021-22,21-22-015,Kreispokal,R1,1,2021-09-17,Urania Lütgendortmund,Away,42,42,7,0,7,Ann-Katrin,Lau,Heim,Heim,Kaul,,,lau,heim,heim,kaul,,,,
2021-22,21-22-016,Kreispokal,R1,1,2021-09-17,Urania Lütgendortmund,Away,49,49,8,0,8,Ann-Katrin,Lau,Heim,Heim,Glänzer,,,lau,heim,heim,glanzer,,,,
2021-22,21-22-017,Kreispokal,R1,1,2021-09-17,Urania Lütgendortmund,Away,56,56,9,0,9,Marina,Jung,,,,,No Assists (Direct free kick),jung,,,,,,,
2021-22,21-22-018,Kreispokal,R1,1,2021-09-17,Urania Lütgendortmund,Away,73,73,10,0,10,Annika,Herbig,Höhl,Höhl,Schneider,,,herbig,hohl,hohl,schneider,,,,
2021-22,21-22-019,Kreispokal,R1,1,2021-09-17,Urania Lütgendortmund,Away,82,82,11,0,11,Laura,Höhl,,Schneider,Zabell,,No Official Assist (Höhl cross failed to be cleared and came back to her),hohl,,schneider,zabell,,,,
2021-22,21-22-020,Kreispokal,R1,1,2021-09-17,Urania Lütgendortmund,Away,85,85,12,0,12,Hannah,Goosmann,Becker,Becker,Billig,,,goosmann,becker,becker,billig,,,,
2021-22,21-22-021,Kreisliga A,MD2,2,2021-09-26,SF Sölderholz,Away,12,12,1,0,1,Ann-Katrin,Lau,Goosmann,Goosmann,Jung,,Combination (Lau-Goosmann-Lau),lau,goosmann,goosmann,jung,,,,
2021-22,21-22-022,Kreisliga A,MD2,2,2021-09-26,SF Sölderholz,Away,13,13,2,0,2,Carolin,Kaul,,Bergmann,Zabell,,No Official Assist (Kaul scored on her own rebound),kaul,,bergmann,zabell,,,,
2021-22,21-22-023,Kreisliga A,MD2,2,2021-09-26,SF Sölderholz,Away,51,51,3,0,3,Hannah,Goosmann,Glänzer,Glänzer,Heim,,Originally reported as an own goal,goosmann,glanzer,glanzer,heim,,,,
2021-22,21-22-024,Kreisliga A,MD2,2,2021-09-26,SF Sölderholz,Away,82,82,4,0,4,Ana,Zabell,Billig,Billig,Lau,,,zabell,billig,billig,lau,,,,
2021-22,21-22-025,Kreisliga A,MD3,3,2021-10-03,BV Teutonia Lanstrop,Home,2,2,1,0,1,Annika,Billig,Goosmann,Goosmann,Bergmann,,,billig,goosmann,goosmann,bergmann,,,,
2021-22,21-22-026,Kreisliga A,MD3,3,2021-10-03,BV Teutonia Lanstrop,Home,5,5,2,0,2,Hannah,Goosmann,Rogge-Herper,Rogge-Herper,Jung,,,goosmann,rogge-herper,rogge-herper,jung,,,,
2021-22,21-22-027,Kreisliga A,MD3,3,2021-10-03,BV Teutonia Lanstrop,Home,8,8,3,0,3,Vanessa,Heim,Rogge-Herper,Rogge-Herper,Goosmann,,,heim,rogge-herper,rogge-herper,goosmann,,,,
2021-22,21-22-028,Kreisliga A,MD3,3,2021-10-03,BV Teutonia Lanstrop,Home,16,16,4,0,4,Lilli,Prinzen,,Bergmann,,,No official assist (ball came off defender); No pre-assist (Bergmann corner),prinzen,,bergmann,,,,,
2021-22,21-22-029,Kreisliga A,MD3,3,2021-10-03,BV Teutonia Lanstrop,Home,21,21,5,0,5,Marina,Jung,,Glänzer,,,No official assist (ball came off defender after shot by Glänzer),jung,,glanzer,,,,,
2021-22,21-22-030,Kreisliga A,MD3,3,2021-10-03,BV Teutonia Lanstrop,Home,41,41,6,0,6,Hannah,Goosmann,Heim,Heim,Billig,,,goosmann,heim,heim,billig,,,,
2021-22,21-22-031,Kreisliga A,MD3,3,2021-10-03,BV Teutonia Lanstrop,Home,45,45,7,0,7,Annika,Herbig,,Billig,Rogge-Herper,,No Official Assist (Defender half-cleared Billig pass),herbig,,billig,rogge-herper,,,,
2021-22,21-22-032,Kreisliga A,MD3,3,2021-10-03,BV Teutonia Lanstrop,Home,49,49,8,0,8,Hannah,Goosmann,Bergmann,Bergmann,Gerres,,,goosmann,bergmann,bergmann,gerres,,,,
2021-22,21-22-033,Kreisliga A,MD3,3,2021-10-03,BV Teutonia Lanstrop,Home,52,52,9,0,9,Hannah,Goosmann,Glänzer,Glänzer,,,No Second Assist (Glänzer won the ball),goosmann,glanzer,glanzer,,,,,
2021-22,21-22-034,Kreisliga A,MD3,3,2021-10-03,BV Teutonia Lanstrop,Home,55,55,10,0,10,Vanessa,Heim,,Goosmann,Glänzer,,No Official Assist (Rebound of Goosmann shot),heim,,goosmann,glanzer,,,,
2021-22,21-22-035,Kreisliga A,MD3,3,2021-10-03,BV Teutonia Lanstrop,Home,58,58,11,0,11,Hannah,Goosmann,Billig,Billig,Prinzen,,,goosmann,billig,billig,prinzen,,,,
2021-22,21-22-036,Kreisliga A,MD3,3,2021-10-03,BV Teutonia Lanstrop,Home,61,61,12,0,12,Annika,Billig,Gerres,Gerres,Jung,,Jung pass deflected to Gerres,billig,gerres,gerres,jung,,,,
2021-22,21-22-037,Kreisliga A,MD3,3,2021-10-03,BV Teutonia Lanstrop,Home,64,64,13,0,13,Ann-Katrin,Lau,Billig,Billig,,,No Second Assist (Billig won the ball),lau,billig,billig,,,,,
2021-22,21-22-038,Kreisliga A,MD3,3,2021-10-03,BV Teutonia Lanstrop,Home,84,84,14,0,14,Hannah,Goosmann,,Lau,Bergmann,,No Official Assist (Rebound of Lau shot),goosmann,,Lau,bergmann,,,,
2021-22,21-22-039,Kreisliga A,MD3,3,2021-10-03,BV Teutonia Lanstrop,Home,86,86,15,0,15,Virginia,Glänzer,Kaul,Kaul,Jung,,Pre-assist was shot rebounded from Jung,glanzer,kaul,kaul,jung,,,,
2021-22,21-22-040,Kreisliga A,MD4,4,2021-10-10,SpVg Berghofen III,Away,49,49,1,0,1,Kimberly,Becker,,,,,No Assists (Becker intercpeted a clearance),becker,,,,,,,
2021-22,21-22-041,Kreisliga A,MD4,4,2021-10-10,SpVg Berghofen III,Away,52,52,2,0,2,Hannah,Goosmann,Lau,Lau,Becker,,,goosmann,lau,lau,becker,,,,
2021-22,21-22-042,Kreisliga A,MD4,4,2021-10-10,SpVg Berghofen III,Away,55,55,3,0,3,Ann-Katrin,Lau,,Fälker,,,No official assist (Fälker cross touched defender); No Second Assist (Fälker won ball),lau,,falker,,,,,
2021-22,21-22-043,Kreisliga A,MD4,4,2021-10-10,SpVg Berghofen III,Away,65,65,4,0,4,Ann-Katrin,Lau,Bergmann,Bergmann,Fälker,,,lau,bergmann,bergmann,falker,,,,
2021-22,21-22-044,Kreisliga A,MD5,5,2021-10-17,TuRa Asseln,Home,17,17,1,0,1,Ana,Zabell,Bergmann,Bergmann,,,No Second Assist (Bergmann free kick),zabell,bergmann,bergmann,,,,,
2021-22,21-22-045,Kreisliga A,MD5,5,2021-10-17,TuRa Asseln,Home,23,23,2,0,2,Virginia,Glänzer,Zabell,Zabell,Bergmann,,,glanzer,zabell,zabell,bergmann,,,,
2021-22,21-22-046,Kreisliga A,MD5,5,2021-10-17,TuRa Asseln,Home,25,25,3,0,3,Luisa,Bergmann,Herbig,Herbig,Lau,,,bergmann,herbig,herbig,lau,,,,
2021-22,21-22-047,Kreisliga A,MD5,5,2021-10-17,TuRa Asseln,Home,32,32,4,0,4,Luisa,Bergmann,,,,Penalty,No Assists (Penalty),bergmann,,,,,,,
2021-22,21-22-048,Kreisliga A,MD5,5,2021-10-17,TuRa Asseln,Home,39,39,5,0,5,Annika,Herbig,Glänzer,Glänzer,Kaul,,,herbig,glanzer,glanzer,kaul,,,,
2021-22,21-22-049,Kreisliga A,MD5,5,2021-10-17,TuRa Asseln,Home,48,48,6,0,6,Annika,Herbig,Glänzer,Glänzer,Zabell,,,herbig,glanzer,glanzer,zabell,,,,
2021-22,21-22-050,Kreisliga A,MD5,5,2021-10-17,TuRa Asseln,Home,51,51,7,0,7,Virginia,Glänzer,,Lau,Herbig,,No Official Assist (Lau shot hit crossbar and fell to Glänzer),glanzer,,lau,herbig,,,,
2021-22,21-22-051,Kreisliga A,MD5,5,2021-10-17,TuRa Asseln,Home,55,55,8,0,8,Ann-Katrin,Lau,Becker,Becker,Bergmann,,,lau,becker,becker,bergmann,,,,
2021-22,21-22-052,Kreisliga A,MD5,5,2021-10-17,TuRa Asseln,Home,63,63,9,0,9,Hannah,Goosmann,Glänzer,Glänzer,Zabell,,,goosmann,glanzer,glanzer,zabell,,,,
2021-22,21-22-053,Kreisliga A,MD5,5,2021-10-17,TuRa Asseln,Home,74,74,10,0,10,Annika,Billig,Lau,Lau,Gerres,,,billig,lau,lau,gerres,,,,
2021-22,21-22-054,Kreisliga A,MD6,6,2021-10-24,SF Ay Yildiz Derne,Away,38,38,1,0,1,Ana,Zabell,Bergmann,Bergmann,,,No Official Assist (Corner struck defender); No Second Assist (Bergmann Corner),zabell,bergmann,bergmann,,,,,
2021-22,21-22-055,Kreisliga A,MD6,6,2021-10-24,SF Ay Yildiz Derne,Away,45+1,45.1,2,0,2,Ann-Katrin,Lau,Heim,Heim,Bergmann,,,lau,heim,heim,bergmann,,,,
2021-22,21-22-056,Kreisliga A,MD6,6,2021-10-24,SF Ay Yildiz Derne,Away,53,53,3,0,3,Vanessa,Heim,Rogge-Herper,Rogge-Herper,Zabell,,,heim,rogge-herper,rogge-herper,zabell,,,,
2021-22,21-22-057,Kreisliga A,MD6,6,2021-10-24,SF Ay Yildiz Derne,Away,62,62,4,0,4,Vanessa,Heim,Lau,Lau,Rogge-Herper,,,heim,lau,lau,rogge-herper,,,,
2021-22,21-22-058,Kreisliga A,MD6,6,2021-10-24,SF Ay Yildiz Derne,Away,63,63,5,0,5,Lisa,Klemann,Heim,Heim,Schneider,,No Official Assist (Cleared by defender to Klemann),klemann,heim,heim,schneider,,,,
2021-22,21-22-059,Kreisliga A,MD6,6,2021-10-24,SF Ay Yildiz Derne,Away,74,74,6,0,6,Annika,Billig,Schneider,Schneider,Zabell,,,billig,schneider,schneider,zabell,,,,
2021-22,21-22-060,Kreisliga A,MD7,7,2021-10-31,Lüner SV,Home,17,17,1,0,1,Carolin,Kaul,,Bergmann,Herbig,,No Official Assist (Kaul first touch hits defender),kaul,,bergmann,herbig,,,,
2021-22,21-22-061,Kreisliga A,MD7,7,2021-10-31,Lüner SV,Home,25,25,2,0,2,,,,,,,Own Goal,,,,,hohl,,jung,becker
2021-22,21-22-062,Kreisliga A,MD7,7,2021-10-31,Lüner SV,Home,25,25,3,0,3,Hannah,Goosmann,Höhl,Höhl,Goosmann,,,goosmann,hohl,hohl,goosmann,,,,
2021-22,21-22-063,Kreisliga A,MD7,7,2021-10-31,Lüner SV,Home,30,30,4,0,4,Annika,Herbig,Höhl,Höhl,Gerres,,,herbig,hohl,hohl,gerres,,,,
2021-22,21-22-064,Kreisliga A,MD7,7,2021-10-31,Lüner SV,Home,33,33,5,0,5,Carolin,Kaul,Goosmann,Goosmann,Fälker,,Combination (Fälker-Kaul-Goosmann-Kaul),kaul,goosmann,goosmann,falker,,,,
2021-22,21-22-065,Kreisliga A,MD7,7,2021-10-31,Lüner SV,Home,37,37,6,0,6,Carolin,Kaul,Goosmann,Goosmann,Becker,,,kaul,goosmann,goosmann,becker,,,,
2021-22,21-22-066,Kreisliga A,MD7,7,2021-10-31,Lüner SV,Home,40,40,7,0,7,Annika,Herbig,,Goosmann,Jung,,No Official Assist (Herbig shot initially saved and Goosmann cross initially hits defender); Jung pass also hit defender on the way to Goosmann,herbig,,goosmann,jung,,,,
2021-22,21-22-067,Kreisliga A,MD7,7,2021-10-31,Lüner SV,Home,42,42,8,0,8,Laura,Höhl,Fälker,Fälker,Herbig,,,hohl,falker,falker,herbig,,,,
2021-22,21-22-068,Kreisliga A,MD7,7,2021-10-31,Lüner SV,Home,51,51,9,0,9,Annika,Herbig,,Goosmann,Höhl,,No Official Assist (Clearance from Goosmann loose touch goes to Herbig),herbig,,goosmann,hohl,,,,
2021-22,21-22-069,Kreisliga A,MD7,7,2021-10-31,Lüner SV,Home,64,64,10,0,10,Ann-Katrin,Lau,,Goosmann,Kaul,,No Official Assist (Goosman shot saved and falls to Lau),lau,,goosmann,kaul,,,,
2021-22,21-22-070,Kreisliga A,MD7,7,2021-10-31,Lüner SV,Home,70,70,11,0,11,Hannah,Goosmann,Fälker,Fälker,Glänzer,,,goosmann,falker,falker,glanzer,,,,
2021-22,21-22-071,Kreisliga A,MD7,7,2021-10-31,Lüner SV,Home,84,84,12,0,12,Ann-Katrin,Lau,Glänzer,Glänzer,,,No Second Assist (Glänzer corner),lau,glanzer,glanzer,,,,,
2021-22,21-22-072,Kreispokal,R2,2,2021-11-02,SF Ay Yildiz Derne,Home,9,9,1,0,1,Vanessa,Heim,Klemann,Klemann,,,NOTE: Missing Second Assist Data,heim,klemann,klemann,,,,,
2021-22,21-22-073,Kreispokal,R2,2,2021-11-02,SF Ay Yildiz Derne,Home,11,11,2,0,2,Vanessa,Heim,,,,Penalty,No Assists (Penalty),heim,,,,,,,
2021-22,21-22-074,Kreispokal,R2,2,2021-11-02,SF Ay Yildiz Derne,Home,16,16,3,0,3,Ana,Zabell,Bergmann,Bergmann,Glänzer,,,zabell,bergmann,bergmann,glanzer,,,,
2021-22,21-22-075,Kreispokal,R2,2,2021-11-02,SF Ay Yildiz Derne,Home,19,19,4,0,4,Ana,Zabell,Glänzer,Glänzer,,,No Second Assist (Glänzer corner),zabell,glanzer,glanzer,,,,,
2021-22,21-22-076,Kreispokal,R2,2,2021-11-02,SF Ay Yildiz Derne,Home,22,22,5,0,5,Ann-Katrin,Lau,Schneider,Schneider,,,NOTE: Missing Second Assist Data,lau,schneider,schneider,,,,,
2021-22,21-22-077,Kreisliga A,MD8,8,2021-11-07,BV Viktoria Kirchderne,Away,50,50,1,0,1,Vanessa,Heim,,,,,No Assists (Direct Free Kick),heim,,,,,,,
2021-22,21-22-078,Kreisliga A,MD8,8,2021-11-07,BV Viktoria Kirchderne,Away,71,71,2,0,2,Ann-Katrin,Lau,Heim,Heim,Zabell,Short-handed,Short-handed,lau,heim,heim,zabell,,,,
2021-22,21-22-079,Kreisliga A,MD8,8,2021-11-07,BV Viktoria Kirchderne,Away,81,81,3,0,3,Ana,Zabell,Klemann,Klemann,Heim,Short-handed,Short-handed,zabell,klemann,klemann,heim,,,,
2021-22,21-22-080,Kreispokal,QF,3,2021-11-23,SV Eintracht Dorstfeld,Home,7,7,1,0,1,Vanessa,Heim,Zabell,Zabell,,,No Second Assist (Zabell won ball),heim,zabell,zabell,,,,,
2021-22,21-22-081,Kreispokal,QF,3,2021-11-23,SV Eintracht Dorstfeld,Home,73,73,2,0,2,Ana,Zabell,Billig,Billig,Jung,,Combination (Jung-Zabell-Billig-Zabell),zabell,billig,billig,jung,,,,
2021-22,21-22-082,Kreispokal,QF,3,2021-11-23,SV Eintracht Dorstfeld,Home,89,89,3,0,3,Carolin,Kaul,Heim,Heim,Billig,,,kaul,heim,heim,billig,,,,
2021-22,21-22-083,Kreisliga A,MD9,9,2021-11-28,SV Körne 83,Away,10,10,1,0,1,Carolin,Kaul,Höhl,Höhl,Jung,,,kaul,hohl,hohl,jung,,,,
2021-22,21-22-084,Kreisliga A,MD9,9,2021-11-28,SV Körne 83,Away,22,22,2,0,2,Laura,Höhl,Heim,Heim,,,No Second Assist (Heim won the ball),hohl,heim,heim,,,,,
2021-22,21-22-085,Kreisliga A,MD9,9,2021-11-28,SV Körne 83,Away,42,42,3,0,3,Carolin,Kaul,Heim,Heim,,,No Second Assist (Heim won the ball),kaul,heim,heim,,,,,
2021-22,21-22-086,Kreisliga A,MD9,9,2021-11-28,SV Körne 83,Away,68,68,4,0,4,Vanessa,Heim,Zabell,Zabell,Billig,Short-handed,Short-handed,heim,zabell,zabell,billig,,,,
2021-22,21-22-087,Kreisliga A,MD9,9,2021-11-28,SV Körne 83,Away,72,72,5,0,5,Vanessa,Heim,Bergmann,Bergmann,,,No Second Assist (Corner); Short-handed,heim,bergmann,bergmann,,,,,
2021-22,21-22-088,Kreisliga A,MD10,10,2022-03-05,BV Brambauer 13/​45 e.V.,Away,21,21,1,0,1,Vanessa,Heim,Lau,Lau,Kaul,,,heim,lau,lau,kaul,,,,
2021-22,21-22-089,Kreisliga A,MD10,10,2022-03-05,BV Brambauer 13/​45 e.V.,Away,68,68,2,0,2,,,,,,,Own Goal,,,,,bergmann,,glanzer,
2021-22,21-22-090,Kreisliga A,MD10,10,2022-03-05,BV Brambauer 13/​45 e.V.,Away,78,78,3,0,3,Ana,Zabell,Glänzer,Glänzer,Pörteners,,,zabell,glanzer,glanzer,porteners,,,,
2021-22,21-22-091,Kreisliga A,MD10,10,2022-03-05,BV Brambauer 13/​45 e.V.,Away,81,81,4,0,4,Vanessa,Heim,Höhl,Höhl,Becker,,,heim,hohl,hohl,becker,,,,
2021-22,21-22-092,Kreisliga A,MD10,10,2022-03-05,BV Brambauer 13/​45 e.V.,Away,88,88,5,0,5,Laura,Höhl,,,,,No Assists (Höhl won the ball),hohl,,,,,,,
2021-22,21-22-093,Kreisliga A,MD10,10,2022-03-05,BV Brambauer 13/​45 e.V.,Away,90,90,6,0,6,Marina,Jung,,,,Penalty,No Assists (Penalty),jung,,,,,,,
2021-22,21-22-094,Kreisliga A,MD12,12,2022-03-27,BV Teutonia Lanstrop,Away,4,4,1,0,1,Lisa,Klemann,Heim,Heim,,,NOTE: Missing Second Assist Data,klemann,heim,heim,,,,,
2021-22,21-22-095,Kreisliga A,MD12,12,2022-03-27,BV Teutonia Lanstrop,Away,21,21,2,0,2,Ann-Katrin,Lau,Heim,Heim,,,NOTE: Missing Second Assist Data,lau,heim,heim,,,,,
2021-22,21-22-096,Kreisliga A,MD12,12,2022-03-27,BV Teutonia Lanstrop,Away,22,22,3,0,3,Ana,Zabell,Heim,Heim,,,NOTE: Missing Second Assist Data,zabell,heim,heim,,,,,
2021-22,21-22-097,Kreisliga A,MD12,12,2022-03-27,BV Teutonia Lanstrop,Away,33,33,4,0,4,Carolin,Kaul,Lau,Lau,,,NOTE: Missing Second Assist Data,kaul,lau,lau,,,,,
2021-22,21-22-098,Kreisliga A,MD12,12,2022-03-27,BV Teutonia Lanstrop,Away,39,39,5,0,5,Ann-Katrin,Lau,Zabell,Zabell,,,NOTE: Missing Second Assist Data,lau,zabell,zabell,,,,,
2021-22,21-22-099,Kreisliga A,MD12,12,2022-03-27,BV Teutonia Lanstrop,Away,42,42,6,0,6,Hanna,Schneider,Heim,Heim,,,NOTE: Missing Second Assist Data,schneider,heim,heim,,,,,
2021-22,21-22-100,Kreisliga A,MD12,12,2022-03-27,BV Teutonia Lanstrop,Away,46,46,7,0,7,Carolin,Kaul,Heim,Heim,,,NOTE: Missing Second Assist Data,kaul,heim,heim,,,,,
2021-22,21-22-101,Kreisliga A,MD12,12,2022-03-27,BV Teutonia Lanstrop,Away,51,51,8,0,8,Ana,Zabell,Heim,Heim,,,NOTE: Missing Second Assist Data,zabell,heim,heim,,,,,
2021-22,21-22-102,Kreisliga A,MD12,12,2022-03-27,BV Teutonia Lanstrop,Away,55,55,9,0,9,Ann-Katrin,Lau,Pörteners,Pörteners,,,NOTE: Missing Second Assist Data,lau,porteners,porteners,,,,,
2021-22,21-22-103,Kreisliga A,MD12,12,2022-03-27,BV Teutonia Lanstrop,Away,56,56,10,0,10,Carolin,Kaul,Becker,Becker,,,NOTE: Missing Second Assist Data,kaul,becker,becker,,,,,
2021-22,21-22-104,Kreisliga A,MD12,12,2022-03-27,BV Teutonia Lanstrop,Away,61,61,11,0,11,Annika,Fälker,Kaul,Kaul,,,NOTE: Missing Second Assist Data,falker,kaul,kaul,,,,,
2021-22,21-22-105,Kreisliga A,MD12,12,2022-03-27,BV Teutonia Lanstrop,Away,64,64,12,0,12,Denise,Pörteners,Zabell,Zabell,,,NOTE: Missing Second Assist Data,porteners,zabell,zabell,,,,,
2021-22,21-22-106,Kreisliga A,MD12,12,2022-03-27,BV Teutonia Lanstrop,Away,65,65,13,0,13,Ann-Katrin,Lau,Heim,Heim,,,NOTE: Missing Second Assist Data,lau,heim,heim,,,,,
2021-22,21-22-107,Kreisliga A,MD12,12,2022-03-27,BV Teutonia Lanstrop,Away,88,88,14,0,14,Hannah,Goosmann,Herbig,Herbig,,,NOTE: Missing Second Assist Data,goosmann,herbig,herbig,,,,,
2021-22,21-22-108,Kreisliga A,MD13,13,2022-04-03,SpVg Berghofen III,Home,3,3,1,0,1,,,,,,,Own Goal,,,,,lau,,gerres,
2021-22,21-22-109,Kreisliga A,MD13,13,2022-04-03,SpVg Berghofen III,Home,9,9,2,0,2,Carolin,Kaul,Fälker,Fälker,Billig,,,kaul,falker,falker,billig,,,,
2021-22,21-22-110,Kreisliga A,MD13,13,2022-04-03,SpVg Berghofen III,Home,10,10,3,0,3,Ann-Katrin,Lau,Klemann,Klemann,Kaul,,,lau,klemann,klemann,kaul,,,,
2021-22,21-22-111,Kreisliga A,MD13,13,2022-04-03,SpVg Berghofen III,Home,16,16,4,0,4,Ana,Zabell,Lau,Lau,Bergmann,,,zabell,lau,lau,bergmann,,,,
2021-22,21-22-112,Kreisliga A,MD13,13,2022-04-03,SpVg Berghofen III,Home,32,32,5,0,5,Ana,Zabell,Jung,Jung,Klemann,,,zabell,jung,jung,klemann,,,,
2021-22,21-22-113,Kreisliga A,MD13,13,2022-04-03,SpVg Berghofen III,Home,38,38,6,0,6,Annika,Fälker,Lau,Lau,Zabell,,,falker,lau,lau,zabell,,,,
2021-22,21-22-114,Kreisliga A,MD13,13,2022-04-03,SpVg Berghofen III,Home,43,43,7,0,7,Annika,Billig,Lau,Lau,Jung,,,billig,lau,lau,jung,,,,
2021-22,21-22-115,Kreisliga A,MD13,13,2022-04-03,SpVg Berghofen III,Home,47,47,8,0,8,Annika,Fälker,,Billig,Kaul,,Billig shot saved and Fälker scored rebound,falker,,billig,kaul,,,,
2021-22,21-22-116,Kreisliga A,MD13,13,2022-04-03,SpVg Berghofen III,Home,60,60,9,0,9,Annika,Billig,Klemann,Klemann,Kaul,,,billig,klemann,klemann,kaul,,,,
2021-22,21-22-117,Kreisliga A,MD13,13,2022-04-03,SpVg Berghofen III,Home,62,62,10,0,10,Carolin,Kaul,Lau,Lau,Gerres,,,kaul,lau,lau,gerres,,,,
2021-22,21-22-118,Kreisliga A,MD13,13,2022-04-03,SpVg Berghofen III,Home,68,68,11,0,11,Ana,Zabell,Prinzen,Prinzen,Becker,,,zabell,prinzen,prinzen,becker,,,,
2021-22,21-22-119,Kreisliga A,MD13,13,2022-04-03,SpVg Berghofen III,Home,85,85,12,1,11,,,,,,,Own Goal,,,,,lau,,,
2021-22,21-22-120,Kreisliga A,MD13,13,2022-04-03,SpVg Berghofen III,Home,86,86,13,1,12,Hannah,Goosmann,,Zabell,Jung,,,goosmann,,zabell,jung,,,,
2021-22,21-22-121,Kreisliga A,MD11,11,2022-04-06,SF Sölderholz,Home,27,27,1,1,0,Vanessa,Heim,,Glänzer,,,No Official Assist (deflection from defender); Pre-assist was off camera,heim,,glanzer,,,,,
2021-22,21-22-122,Kreisliga A,MD11,11,2022-04-06,SF Sölderholz,Home,78,78,2,1,1,Ana,Zabell,Fälker,Fälker,,,No Second Assist (Fälker corner),zabell,falker,falker,,,,,
2021-22,21-22-123,Kreisliga A,MD11,11,2022-04-06,SF Sölderholz,Home,85,85,3,1,2,Annika,Billig,Heim,Heim,,,No Second Assist (Heim free kick),billig,heim,heim,,,,,
2021-22,21-22-124,Kreisliga A,MD14,14,2022-04-10,TuRa Asseln,Away,17,17,1,0,1,Ana,Zabell,Heim,Heim,,,NOTE: Missing Second Assist Data,zabell,heim,heim,,,,,
2021-22,21-22-125,Kreisliga A,MD14,14,2022-04-10,TuRa Asseln,Away,22,22,2,0,2,Annika,Herbig,Zabell,Zabell,,,NOTE: Missing Second Assist Data,herbig,zabell,zabell,,,,,
2021-22,21-22-126,Kreisliga A,MD14,14,2022-04-10,TuRa Asseln,Away,38,38,3,0,3,Ana,Zabell,Gerres,Gerres,,,NOTE: Missing Second Assist Data,zabell,gerres,gerres,,,,,
2021-22,21-22-127,Kreisliga A,MD14,14,2022-04-10,TuRa Asseln,Away,56,56,4,0,4,Vanessa,Heim,,,,,NOTE: Missing Second Assist Data,heim,,,,,,,
2021-22,21-22-128,Kreisliga A,MD14,14,2022-04-10,TuRa Asseln,Away,82,82,5,0,5,Hannah,Goosmann,,,,,NOTE: Missing Second Assist Data,goosmann,,,,,,,
2021-22,21-22-129,Kreisliga A,MD14,14,2022-04-10,TuRa Asseln,Away,84,84,6,0,6,Ann-Katrin,Lau,Becker,Becker,,,NOTE: Missing Second Assist Data,lau,becker,becker,,,,,
2021-22,21-22-130,Kreisliga A,MD14,14,2022-04-10,TuRa Asseln,Away,87,87,7,0,7,Vanessa,Heim,,,,,NOTE: Missing Second Assist Data,heim,,,,,,,
2021-22,21-22-131,Kreisliga A,MD14,14,2022-04-10,TuRa Asseln,Away,90+1,90.1,8,0,8,Hannah,Goosmann,Heim,Heim,,,NOTE: Missing Second Assist Data,goosmann,heim,heim,,,,,