season,match,comp,round,date,opponent,venue,min,min_alt,gf,ga,gd,scorer_first,scorer_last,assist_first,assist_last,assist_1st,assist_2nd,note,expanded_note,id_scorer,id_assist_official,id_assist_1st,id_assist_2nd,og_scorer,og_assist_official,og_assist_1st,og_assist_2nd
2021-22,1,Kreisliga A,MD1,2021-09-12,BV Brambauer 13/​45 e.V.,Home,31,31,1,0,1,Ana,Zabell,Luisa,Bergmann,Bergmann,,,No Second Assist (Bergmann Corner),zabell,bergmann,bergmann,,,,,
2021-22,1,Kreisliga A,MD1,2021-09-12,BV Brambauer 13/​45 e.V.,Home,39,39,2,0,2,Vanessa,Heim,Ann-Katrin,Lau,Lau,,,No Second Assist (Lau won the ball),heim,lau,lau,,,,,
2021-22,1,Kreisliga A,MD1,2021-09-12,BV Brambauer 13/​45 e.V.,Home,57,57,3,0,3,Virginia,Glänzer,Luisa,Bergmann,Bergmann,Klemann,,,glanzer,bergmann,bergmann,klemann,,,,
2021-22,1,Kreisliga A,MD1,2021-09-12,BV Brambauer 13/​45 e.V.,Home,65,65,4,0,4,Hannah,Goosmann,,,Heim,,,No Official Assist (Rebound of shot by Heim); No Second Assist (Heim free kick),goosmann,,heim,,,,,
2021-22,1,Kreisliga A,MD1,2021-09-12,BV Brambauer 13/​45 e.V.,Home,72,72,5,0,5,Vanessa,Heim,,,Lau,Rogge-Herper,,No Official Assist (Rebound of shot by Lau),heim,,lau,rogge-herper,,,,
2021-22,1,Kreisliga A,MD1,2021-09-12,BV Brambauer 13/​45 e.V.,Home,76,76,6,0,6,Ann-Katrin,Lau,Lea,Rogge-Herper,Rogge-Herper,Klemann,,,lau,rogge-herper,rogge-herper,klemann,,,,
2021-22,1,Kreisliga A,MD1,2021-09-12,BV Brambauer 13/​45 e.V.,Home,88,88,7,0,7,Ana,Zabell,Lea,Rogge-Herper,Rogge-Herper,Goosmann,,,zabell,rogge-herper,rogge-herper,goosmann,,,,
2021-22,1,Kreisliga A,MD1,2021-09-12,BV Brambauer 13/​45 e.V.,Home,90+1,90.1,8,0,8,Lisa,Klemann,Ana,Zabell,Zabell,Glänzer,,,klemann,zabell,zabell,glanzer,,,,
2021-22,2,Kreispokal,R1,2021-09-17,Urania Lütgendortmund,Away,9,9,1,0,1,Ana,Zabell,Vanessa,Heim,Heim,Gerres,,,zabell,heim,heim,gerres,,,,
2021-22,2,Kreispokal,R1,2021-09-17,Urania Lütgendortmund,Away,22,22,2,0,2,Ana,Zabell,Vanessa,Heim,Heim,,,No Second Assist (Zabell won the ball); Combination (Zabell-Heim-Zabell),zabell,heim,heim,,,,,
2021-22,2,Kreispokal,R1,2021-09-17,Urania Lütgendortmund,Away,27,27,3,0,3,Carolin,Kaul,Marina,Jung,Jung,Zabell,,,kaul,jung,jung,zabell,,,,
2021-22,2,Kreispokal,R1,2021-09-17,Urania Lütgendortmund,Away,29,29,4,0,4,Vanessa,Heim,Laura,Höhl,Höhl,,,No Second Assist (Höhl Corner),heim,hohl,hohl,,,,,
2021-22,2,Kreispokal,R1,2021-09-17,Urania Lütgendortmund,Away,31,31,5,0,5,Lilli,Prinzen,,,Höhl,,,No Official Assist (Corner deflected off defender); No Second Assist (Höhl Corner),prinzen,,hohl,,,,,
2021-22,2,Kreispokal,R1,2021-09-17,Urania Lütgendortmund,Away,34,34,6,0,6,Vanessa,Heim,Carolin,Kaul,Kaul,Prinzen,,Combination (Heim-Kaul-Heim),heim,kaul,kaul,prinzen,,,,
2021-22,2,Kreispokal,R1,2021-09-17,Urania Lütgendortmund,Away,42,42,7,0,7,Ann-Katrin,Lau,Vanessa,Heim,Heim,Kaul,,,lau,heim,heim,kaul,,,,
2021-22,2,Kreispokal,R1,2021-09-17,Urania Lütgendortmund,Away,49,49,8,0,8,Ann-Katrin,Lau,Vanessa,Heim,Heim,Glänzer,,,lau,heim,heim,glanzer,,,,
2021-22,2,Kreispokal,R1,2021-09-17,Urania Lütgendortmund,Away,56,56,9,0,9,Marina,Jung,,,,,Direct free kick,No Assists (Direct free kick),jung,,,,,,,
2021-22,2,Kreispokal,R1,2021-09-17,Urania Lütgendortmund,Away,73,73,10,0,10,Annika,Herbig,Laura,Höhl,Höhl,Schneider,,,herbig,hohl,hohl,schneider,,,,
2021-22,2,Kreispokal,R1,2021-09-17,Urania Lütgendortmund,Away,82,82,11,0,11,Laura,Höhl,,,Schneider,Zabell,,No Official Assist (Höhl cross failed to be cleared and came back to her),hohl,,schneider,zabell,,,,
2021-22,2,Kreispokal,R1,2021-09-17,Urania Lütgendortmund,Away,85,85,12,0,12,Hannah,Goosmann,Kimberly,Becker,Becker,Billig,,,goosmann,becker,becker,billig,,,,
2021-22,3,Kreisliga A,MD2,2021-09-26,SF Sölderholz,Away,12,12,1,0,1,Ann-Katrin,Lau,Hannah,Goosmann,Goosmann,Jung,,Combination (Lau-Goosmann-Lau),lau,goosmann,goosmann,jung,,,,
2021-22,3,Kreisliga A,MD2,2021-09-26,SF Sölderholz,Away,13,13,2,0,2,Carolin,Kaul,,,Bergmann,Zabell,,No Official Assist (Kaul scored on her own rebound),kaul,,bergmann,zabell,,,,
2021-22,3,Kreisliga A,MD2,2021-09-26,SF Sölderholz,Away,51,51,3,0,3,Hannah,Goosmann,Virginia,Glänzer,Glänzer,Heim,,Originally reported as an own goal,goosmann,glanzer,glanzer,heim,,,,
2021-22,3,Kreisliga A,MD2,2021-09-26,SF Sölderholz,Away,82,82,4,0,4,Ana,Zabell,Annika,Billig,Billig,Lau,,,zabell,billig,billig,lau,,,,
2021-22,4,Kreisliga A,MD3,2021-10-03,BV Teutonia Lanstrop,Home,2,2,1,0,1,Annika,Billig,Hannah,Goosmann,Goosmann,Bergmann,,,billig,goosmann,goosmann,bergmann,,,,
2021-22,4,Kreisliga A,MD3,2021-10-03,BV Teutonia Lanstrop,Home,5,5,2,0,2,Hannah,Goosmann,Lea,Rogge-Herper,Rogge-Herper,Jung,,,goosmann,rogge-herper,rogge-herper,jung,,,,
2021-22,4,Kreisliga A,MD3,2021-10-03,BV Teutonia Lanstrop,Home,8,8,3,0,3,Vanessa,Heim,Lea,Rogge-Herper,Rogge-Herper,Goosmann,,,heim,rogge-herper,rogge-herper,goosmann,,,,
2021-22,4,Kreisliga A,MD3,2021-10-03,BV Teutonia Lanstrop,Home,16,16,4,0,4,Lilli,Prinzen,,,Bergmann,,,No official assist (ball came off defender); No pre-assist (Bergmann corner),prinzen,,bergmann,,,,,
2021-22,4,Kreisliga A,MD3,2021-10-03,BV Teutonia Lanstrop,Home,21,21,5,0,5,Marina,Jung,,,Glänzer,,,No official assist (ball came off defender after shot by Glänzer),jung,,glanzer,,,,,
2021-22,4,Kreisliga A,MD3,2021-10-03,BV Teutonia Lanstrop,Home,41,41,6,0,6,Hannah,Goosmann,Vanessa,Heim,Heim,Billig,,,goosmann,heim,heim,billig,,,,
2021-22,4,Kreisliga A,MD3,2021-10-03,BV Teutonia Lanstrop,Home,45,45,7,0,7,Annika,Herbig,,,Billig,Rogge-Herper,,No Official Assist (Defender half-cleared Billig pass),herbig,,billig,rogge-herper,,,,
2021-22,4,Kreisliga A,MD3,2021-10-03,BV Teutonia Lanstrop,Home,49,49,8,0,8,Hannah,Goosmann,Luisa,Bergmann,Bergmann,Gerres,,,goosmann,bergmann,bergmann,gerres,,,,
2021-22,4,Kreisliga A,MD3,2021-10-03,BV Teutonia Lanstrop,Home,52,52,9,0,9,Hannah,Goosmann,Virginia,Glänzer,Glänzer,,,No Second Assist (Glänzer won the ball),goosmann,glanzer,glanzer,,,,,
2021-22,4,Kreisliga A,MD3,2021-10-03,BV Teutonia Lanstrop,Home,55,55,10,0,10,Vanessa,Heim,,,Goosmann,Glänzer,,No Official Assist (Rebound of Goosmann shot),heim,,goosmann,glanzer,,,,
2021-22,4,Kreisliga A,MD3,2021-10-03,BV Teutonia Lanstrop,Home,58,58,11,0,11,Hannah,Goosmann,Annika,Billig,Billig,Prinzen,,,goosmann,billig,billig,prinzen,,,,
2021-22,4,Kreisliga A,MD3,2021-10-03,BV Teutonia Lanstrop,Home,61,61,12,0,12,Annika,Billig,Allegra,Gerres,Gerres,Jung,,Jung pass deflected to Gerres,billig,gerres,gerres,jung,,,,
2021-22,4,Kreisliga A,MD3,2021-10-03,BV Teutonia Lanstrop,Home,64,64,13,0,13,Ann-Katrin,Lau,Annika,Billig,Billig,,,No Second Assist (Billig won the ball),lau,billig,billig,,,,,
2021-22,4,Kreisliga A,MD3,2021-10-03,BV Teutonia Lanstrop,Home,84,84,14,0,14,Hannah,Goosmann,,,Lau,Bergmann,,No Official Assist (Rebound of Lau shot),goosmann,,Lau,bergmann,,,,
2021-22,4,Kreisliga A,MD3,2021-10-03,BV Teutonia Lanstrop,Home,86,86,15,0,15,Virginia,Glänzer,Carolin,Kaul,Kaul,Jung,,Pre-assist was shot rebounded from Jung,glanzer,kaul,kaul,jung,,,,
2021-22,5,Kreisliga A,MD4,2021-10-10,SpVg Berghofen III,Away,49,49,1,0,1,Kimberly,Becker,,,,,,No Assists (Becker intercpeted a clearance),becker,,,,,,,
2021-22,5,Kreisliga A,MD4,2021-10-10,SpVg Berghofen III,Away,52,52,2,0,2,Hannah,Goosmann,Ann-Katrin,Lau,Lau,Becker,,,goosmann,lau,lau,becker,,,,
2021-22,5,Kreisliga A,MD4,2021-10-10,SpVg Berghofen III,Away,55,55,3,0,3,Ann-Katrin,Lau,,,Fälker,,,No official assist (Fälker cross touched defender); No Second Assist (Fälker won ball),lau,,falker,,,,,
2021-22,5,Kreisliga A,MD4,2021-10-10,SpVg Berghofen III,Away,65,65,4,0,4,Ann-Katrin,Lau,Luisa,Bergmann,Bergmann,Fälker,,,lau,bergmann,bergmann,falker,,,,
2021-22,6,Kreisliga A,MD5,2021-10-17,TuRa Asseln,Home,17,17,1,0,1,Ana,Zabell,Luisa,Bergmann,Bergmann,,,No Second Assist (Bergmann free kick),zabell,bergmann,bergmann,,,,,
2021-22,6,Kreisliga A,MD5,2021-10-17,TuRa Asseln,Home,23,23,2,0,2,Virginia,Glänzer,Ana,Zabell,Zabell,Bergmann,,,glanzer,zabell,zabell,bergmann,,,,
2021-22,6,Kreisliga A,MD5,2021-10-17,TuRa Asseln,Home,25,25,3,0,3,Luisa,Bergmann,Annika,Herbig,Herbig,Lau,,,bergmann,herbig,herbig,lau,,,,
2021-22,6,Kreisliga A,MD5,2021-10-17,TuRa Asseln,Home,32,32,4,0,4,Luisa,Bergmann,,,,,Penalty,No Assists (Penalty),bergmann,,,,,,,
2021-22,6,Kreisliga A,MD5,2021-10-17,TuRa Asseln,Home,39,39,5,0,5,Annika,Herbig,Virginia,Glänzer,Glänzer,Kaul,,,herbig,glanzer,glanzer,kaul,,,,
2021-22,6,Kreisliga A,MD5,2021-10-17,TuRa Asseln,Home,48,48,6,0,6,Annika,Herbig,Virginia,Glänzer,Glänzer,Zabell,,,herbig,glanzer,glanzer,zabell,,,,
2021-22,6,Kreisliga A,MD5,2021-10-17,TuRa Asseln,Home,51,51,7,0,7,Virginia,Glänzer,,,Lau,Herbig,,No Official Assist (Lau shot hit crossbar and fell to Glänzer),glanzer,,lau,herbig,,,,
2021-22,6,Kreisliga A,MD5,2021-10-17,TuRa Asseln,Home,55,55,8,0,8,Ann-Katrin,Lau,Kimberly,Becker,Becker,Bergmann,,,lau,becker,becker,bergmann,,,,
2021-22,6,Kreisliga A,MD5,2021-10-17,TuRa Asseln,Home,63,63,9,0,9,Hannah,Goosmann,Virginia,Glänzer,Glänzer,Zabell,,,goosmann,glanzer,glanzer,zabell,,,,
2021-22,6,Kreisliga A,MD5,2021-10-17,TuRa Asseln,Home,74,74,10,0,10,Annika,Billig,Ann-Katrin,Lau,Lau,Gerres,,,billig,lau,lau,gerres,,,,
2021-22,7,Kreisliga A,MD6,2021-10-24,SF Ay Yildiz Derne,Away,38,38,1,0,1,Ana,Zabell,Luisa,Bergmann,Bergmann,,,No Official Assist (Corner struck defender); No Second Assist (Bergmann Corner),zabell,bergmann,bergmann,,,,,
2021-22,7,Kreisliga A,MD6,2021-10-24,SF Ay Yildiz Derne,Away,45+1,45.1,2,0,2,Ann-Katrin,Lau,Vanessa,Heim,Heim,Bergmann,,,lau,heim,heim,bergmann,,,,
2021-22,7,Kreisliga A,MD6,2021-10-24,SF Ay Yildiz Derne,Away,53,53,3,0,3,Vanessa,Heim,Lea,Rogge-Herper,Rogge-Herper,Zabell,,,heim,rogge-herper,rogge-herper,zabell,,,,
2021-22,7,Kreisliga A,MD6,2021-10-24,SF Ay Yildiz Derne,Away,62,62,4,0,4,Vanessa,Heim,Ann-Katrin,Lau,Lau,Rogge-Herper,,,heim,lau,lau,rogge-herper,,,,
2021-22,7,Kreisliga A,MD6,2021-10-24,SF Ay Yildiz Derne,Away,63,63,5,0,5,Lisa,Klemann,Vanessa,Heim,Heim,Schneider,,No Official Assist (Cleared by defender to Klemann),klemann,heim,heim,schneider,,,,
2021-22,7,Kreisliga A,MD6,2021-10-24,SF Ay Yildiz Derne,Away,74,74,6,0,6,Annika,Billig,Hanna,Schneider,Schneider,Zabell,,,billig,schneider,schneider,zabell,,,,
2021-22,8,Kreisliga A,MD7,2021-10-31,Lüner SV,Home,17,17,1,0,1,Carolin,Kaul,,,Bergmann,Herbig,,No Official Assist (Kaul first touch hits defender),kaul,,bergmann,herbig,,,,
2021-22,8,Kreisliga A,MD7,2021-10-31,Lüner SV,Home,25,25,2,0,2,,,,,,,,Own Goal,,,,,hohl,,jung,becker
2021-22,8,Kreisliga A,MD7,2021-10-31,Lüner SV,Home,25,25,3,0,3,Hannah,Goosmann,Laura,Höhl,Höhl,Goosmann,,,goosmann,hohl,hohl,goosmann,,,,
2021-22,8,Kreisliga A,MD7,2021-10-31,Lüner SV,Home,30,30,4,0,4,Annika,Herbig,Laura,Höhl,Höhl,Gerres,,,herbig,hohl,hohl,gerres,,,,
2021-22,8,Kreisliga A,MD7,2021-10-31,Lüner SV,Home,33,33,5,0,5,Carolin,Kaul,Hannah,Goosmann,Goosmann,Fälker,,Combination (Fälker-Kaul-Goosmann-Kaul),kaul,goosmann,goosmann,falker,,,,
2021-22,8,Kreisliga A,MD7,2021-10-31,Lüner SV,Home,37,37,6,0,6,Carolin,Kaul,Hannah,Goosmann,Goosmann,Becker,,,kaul,goosmann,goosmann,becker,,,,
2021-22,8,Kreisliga A,MD7,2021-10-31,Lüner SV,Home,40,40,7,0,7,Annika,Herbig,,,Goosmann,Jung,,No Official Assist (Herbig shot initially saved and Goosmann cross initially hits defender); Jung pass also hit defender on the way to Goosmann,herbig,,goosmann,jung,,,,
2021-22,8,Kreisliga A,MD7,2021-10-31,Lüner SV,Home,42,42,8,0,8,Laura,Höhl,Annika,Fälker,Fälker,Herbig,,,hohl,falker,falker,herbig,,,,
2021-22,8,Kreisliga A,MD7,2021-10-31,Lüner SV,Home,51,51,9,0,9,Annika,Herbig,,,Goosmann,Höhl,,No Official Assist (Clearance from Goosmann loose touch goes to Herbig),herbig,,goosmann,hohl,,,,
2021-22,8,Kreisliga A,MD7,2021-10-31,Lüner SV,Home,64,64,10,0,10,Ann-Katrin,Lau,,,Goosmann,Kaul,,No Official Assist (Goosman shot saved and falls to Lau),lau,,goosmann,kaul,,,,
2021-22,8,Kreisliga A,MD7,2021-10-31,Lüner SV,Home,70,70,11,0,11,Hannah,Goosmann,Annika,Fälker,Fälker,Glänzer,,,goosmann,falker,falker,glanzer,,,,
2021-22,8,Kreisliga A,MD7,2021-10-31,Lüner SV,Home,84,84,12,0,12,Ann-Katrin,Lau,Virginia,Glänzer,Glänzer,,,No Second Assist (Glänzer corner),lau,glanzer,glanzer,,,,,
2021-22,9,Kreispokal,R2,2021-11-02,SF Ay Yildiz Derne,Home,9,9,1,0,1,Vanessa,Heim,Lisa,Klemann,Klemann,,,NOTE: Missing Second Assist Data,heim,klemann,klemann,,,,,
2021-22,9,Kreispokal,R2,2021-11-02,SF Ay Yildiz Derne,Home,11,11,2,0,2,Vanessa,Heim,,,,,Penalty,No Assists (Penalty),heim,,,,,,,
2021-22,9,Kreispokal,R2,2021-11-02,SF Ay Yildiz Derne,Home,16,16,3,0,3,Ana,Zabell,Luisa,Bergmann,Bergmann,Glänzer,,,zabell,bergmann,bergmann,glanzer,,,,
2021-22,9,Kreispokal,R2,2021-11-02,SF Ay Yildiz Derne,Home,19,19,4,0,4,Ana,Zabell,Virginia,Glänzer,Glänzer,,,No Second Assist (Glänzer corner),zabell,glanzer,glanzer,,,,,
2021-22,9,Kreispokal,R2,2021-11-02,SF Ay Yildiz Derne,Home,22,22,5,0,5,Ann-Katrin,Lau,Hanna,Schneider,Schneider,,,NOTE: Missing Second Assist Data,lau,schneider,schneider,,,,,
2021-22,10,Kreisliga A,MD8,2021-11-07,BV Viktoria Kirchderne,Away,50,50,1,0,1,Vanessa,Heim,,,,,Direct free kick,No Assists (Direct Free Kick),heim,,,,,,,
2021-22,10,Kreisliga A,MD8,2021-11-07,BV Viktoria Kirchderne,Away,71,71,2,0,2,Ann-Katrin,Lau,Vanessa,Heim,Heim,Zabell,Short-handed,Short-handed,lau,heim,heim,zabell,,,,
2021-22,10,Kreisliga A,MD8,2021-11-07,BV Viktoria Kirchderne,Away,81,81,3,0,3,Ana,Zabell,Lisa,Klemann,Klemann,Heim,Short-handed,Short-handed,zabell,klemann,klemann,heim,,,,
2021-22,11,Kreispokal,QF,2021-11-22,SV Eintracht Dorstfeld,Home,7,7,1,0,1,Vanessa,Heim,Ana,Zabell,Zabell,,,No Second Assist (Zabell won ball),heim,zabell,zabell,,,,,
2021-22,11,Kreispokal,QF,2021-11-22,SV Eintracht Dorstfeld,Home,73,73,2,0,2,Ana,Zabell,Annika,Billig,Billig,Jung,,Combination (Jung-Zabell-Billig-Zabell),zabell,billig,billig,jung,,,,
2021-22,11,Kreispokal,QF,2021-11-22,SV Eintracht Dorstfeld,Home,89,89,3,0,3,Carolin,Kaul,Vanessa,Heim,Heim,Billig,,,kaul,heim,heim,billig,,,,
2021-22,12,Kreisliga A,MD9,2021-11-28,SV Körne 83,Away,10,10,1,0,1,Carolin,Kaul,Laura,Höhl,Höhl,Jung,,,kaul,hohl,hohl,jung,,,,
2021-22,12,Kreisliga A,MD9,2021-11-28,SV Körne 83,Away,22,22,2,0,2,Laura,Höhl,Vanessa,Heim,Heim,,,No Second Assist (Heim won the ball),hohl,heim,heim,,,,,
2021-22,12,Kreisliga A,MD9,2021-11-28,SV Körne 83,Away,42,42,3,0,3,Carolin,Kaul,Vanessa,Heim,Heim,,,No Second Assist (Heim won the ball),kaul,heim,heim,,,,,
2021-22,12,Kreisliga A,MD9,2021-11-28,SV Körne 83,Away,68,68,4,0,4,Vanessa,Heim,Ana,Zabell,Zabell,Billig,Short-handed,Short-handed,heim,zabell,zabell,billig,,,,
2021-22,12,Kreisliga A,MD9,2021-11-28,SV Körne 83,Away,72,72,5,0,5,Vanessa,Heim,Luisa,Bergmann,Bergmann,,Short-handed,No Second Assist (Corner); Short-handed,heim,bergmann,bergmann,,,,,
2021-22,13,Kreisliga A,MD10,2022-03-05,BV Brambauer 13/​45 e.V.,Away,21,21,1,0,1,Vanessa,Heim,Ann-Katrin,Lau,Lau,Kaul,,,heim,lau,lau,kaul,,,,
2021-22,13,Kreisliga A,MD10,2022-03-05,BV Brambauer 13/​45 e.V.,Away,68,68,2,0,2,,,,,,,,Own Goal,,,,,bergmann,,glanzer,
2021-22,13,Kreisliga A,MD10,2022-03-05,BV Brambauer 13/​45 e.V.,Away,78,78,3,0,3,Ana,Zabell,Virginia,Glänzer,Glänzer,Pörteners,,,zabell,glanzer,glanzer,porteners,,,,
2021-22,13,Kreisliga A,MD10,2022-03-05,BV Brambauer 13/​45 e.V.,Away,81,81,4,0,4,Vanessa,Heim,Laura,Höhl,Höhl,Becker,,,heim,hohl,hohl,becker,,,,
2021-22,13,Kreisliga A,MD10,2022-03-05,BV Brambauer 13/​45 e.V.,Away,88,88,5,0,5,Laura,Höhl,,,,,,No Assists (Höhl won the ball),hohl,,,,,,,
2021-22,13,Kreisliga A,MD10,2022-03-05,BV Brambauer 13/​45 e.V.,Away,90,90,6,0,6,Marina,Jung,,,,,Penalty,No Assists (Penalty),jung,,,,,,,
2021-22,14,Kreisliga A,MD12,2022-03-27,BV Teutonia Lanstrop,Away,4,4,1,0,1,Lisa,Klemann,Vanessa,Heim,Heim,,,NOTE: Missing Second Assist Data,klemann,heim,heim,,,,,
2021-22,14,Kreisliga A,MD12,2022-03-27,BV Teutonia Lanstrop,Away,21,21,2,0,2,Ann-Katrin,Lau,Vanessa,Heim,Heim,,,NOTE: Missing Second Assist Data,lau,heim,heim,,,,,
2021-22,14,Kreisliga A,MD12,2022-03-27,BV Teutonia Lanstrop,Away,22,22,3,0,3,Ana,Zabell,Vanessa,Heim,Heim,,,NOTE: Missing Second Assist Data,zabell,heim,heim,,,,,
2021-22,14,Kreisliga A,MD12,2022-03-27,BV Teutonia Lanstrop,Away,33,33,4,0,4,Carolin,Kaul,Ann-Katrin,Lau,Lau,,,NOTE: Missing Second Assist Data,kaul,lau,lau,,,,,
2021-22,14,Kreisliga A,MD12,2022-03-27,BV Teutonia Lanstrop,Away,39,39,5,0,5,Ann-Katrin,Lau,Ana,Zabell,Zabell,,,NOTE: Missing Second Assist Data,lau,zabell,zabell,,,,,
2021-22,14,Kreisliga A,MD12,2022-03-27,BV Teutonia Lanstrop,Away,42,42,6,0,6,Hanna,Schneider,Vanessa,Heim,Heim,,,NOTE: Missing Second Assist Data,schneider,heim,heim,,,,,
2021-22,14,Kreisliga A,MD12,2022-03-27,BV Teutonia Lanstrop,Away,46,46,7,0,7,Carolin,Kaul,Vanessa,Heim,Heim,,,NOTE: Missing Second Assist Data,kaul,heim,heim,,,,,
2021-22,14,Kreisliga A,MD12,2022-03-27,BV Teutonia Lanstrop,Away,51,51,8,0,8,Ana,Zabell,Vanessa,Heim,Heim,,,NOTE: Missing Second Assist Data,zabell,heim,heim,,,,,
2021-22,14,Kreisliga A,MD12,2022-03-27,BV Teutonia Lanstrop,Away,55,55,9,0,9,Ann-Katrin,Lau,Denise,Pörteners,Pörteners,,,NOTE: Missing Second Assist Data,lau,porteners,porteners,,,,,
2021-22,14,Kreisliga A,MD12,2022-03-27,BV Teutonia Lanstrop,Away,56,56,10,0,10,Carolin,Kaul,Kimberly,Becker,Becker,,,NOTE: Missing Second Assist Data,kaul,becker,becker,,,,,
2021-22,14,Kreisliga A,MD12,2022-03-27,BV Teutonia Lanstrop,Away,61,61,11,0,11,Annika,Fälker,Carolin,Kaul,Kaul,,,NOTE: Missing Second Assist Data,falker,kaul,kaul,,,,,
2021-22,14,Kreisliga A,MD12,2022-03-27,BV Teutonia Lanstrop,Away,64,64,12,0,12,Denise,Pörteners,Ana,Zabell,Zabell,,,NOTE: Missing Second Assist Data,porteners,zabell,zabell,,,,,
2021-22,14,Kreisliga A,MD12,2022-03-27,BV Teutonia Lanstrop,Away,65,65,13,0,13,Ann-Katrin,Lau,Vanessa,Heim,Heim,,,NOTE: Missing Second Assist Data,lau,heim,heim,,,,,
2021-22,14,Kreisliga A,MD12,2022-03-27,BV Teutonia Lanstrop,Away,88,88,14,0,14,Hannah,Goosmann,Annika,Herbig,Herbig,,,NOTE: Missing Second Assist Data,goosmann,herbig,herbig,,,,,
2021-22,15,Kreisliga A,MD13,2022-04-03,SpVg Berghofen III,Home,3,3,1,0,1,,,,,,,,Own Goal,,,,,lau,,gerres,
2021-22,15,Kreisliga A,MD13,2022-04-03,SpVg Berghofen III,Home,9,9,2,0,2,Carolin,Kaul,Annika,Fälker,Fälker,Billig,,,kaul,falker,falker,billig,,,,
2021-22,15,Kreisliga A,MD13,2022-04-03,SpVg Berghofen III,Home,10,10,3,0,3,Ann-Katrin,Lau,Lisa,Klemann,Klemann,Kaul,,,lau,klemann,klemann,kaul,,,,
2021-22,15,Kreisliga A,MD13,2022-04-03,SpVg Berghofen III,Home,16,16,4,0,4,Ana,Zabell,Ann-Katrin,Lau,Lau,Bergmann,,,zabell,lau,lau,bergmann,,,,
2021-22,15,Kreisliga A,MD13,2022-04-03,SpVg Berghofen III,Home,32,32,5,0,5,Ana,Zabell,Marina,Jung,Jung,Klemann,,,zabell,jung,jung,klemann,,,,
2021-22,15,Kreisliga A,MD13,2022-04-03,SpVg Berghofen III,Home,38,38,6,0,6,Annika,Fälker,Ann-Katrin,Lau,Lau,Zabell,,,falker,lau,lau,zabell,,,,
2021-22,15,Kreisliga A,MD13,2022-04-03,SpVg Berghofen III,Home,43,43,7,0,7,Annika,Billig,Ann-Katrin,Lau,Lau,Jung,,,billig,lau,lau,jung,,,,
2021-22,15,Kreisliga A,MD13,2022-04-03,SpVg Berghofen III,Home,47,47,8,0,8,Annika,Fälker,,,Billig,Kaul,,Billig shot saved and Fälker scored rebound,falker,,billig,kaul,,,,
2021-22,15,Kreisliga A,MD13,2022-04-03,SpVg Berghofen III,Home,60,60,9,0,9,Annika,Billig,Lisa,Klemann,Klemann,Kaul,,,billig,klemann,klemann,kaul,,,,
2021-22,15,Kreisliga A,MD13,2022-04-03,SpVg Berghofen III,Home,62,62,10,0,10,Carolin,Kaul,Ann-Katrin,Lau,Lau,Gerres,,,kaul,lau,lau,gerres,,,,
2021-22,15,Kreisliga A,MD13,2022-04-03,SpVg Berghofen III,Home,68,68,11,0,11,Ana,Zabell,Lilli,Prinzen,Prinzen,Becker,,,zabell,prinzen,prinzen,becker,,,,
2021-22,15,Kreisliga A,MD13,2022-04-03,SpVg Berghofen III,Home,85,85,12,1,11,,,,,,,,Own Goal,,,,,lau,,,
2021-22,15,Kreisliga A,MD13,2022-04-03,SpVg Berghofen III,Home,86,86,13,1,12,Hannah,Goosmann,,,Zabell,Jung,,,goosmann,,zabell,jung,,,,
2021-22,16,Kreisliga A,MD11,2022-04-06,SF Sölderholz,Home,27,27,1,1,0,Vanessa,Heim,,,Glänzer,,,No Official Assist (deflection from defender); Pre-assist was off camera,heim,,glanzer,,,,,
2021-22,16,Kreisliga A,MD11,2022-04-06,SF Sölderholz,Home,78,78,2,1,1,Ana,Zabell,Annika,Fälker,Fälker,,,No Second Assist (Fälker corner),zabell,falker,falker,,,,,
2021-22,16,Kreisliga A,MD11,2022-04-06,SF Sölderholz,Home,85,85,3,1,2,Annika,Billig,Vanessa,Heim,Heim,,,No Second Assist (Heim free kick),billig,heim,heim,,,,,
2021-22,17,Kreisliga A,MD14,2022-04-10,TuRa Asseln,Away,17,17,1,0,1,Ana,Zabell,Vanessa,Heim,Heim,,,NOTE: Missing Second Assist Data,zabell,heim,heim,,,,,
2021-22,17,Kreisliga A,MD14,2022-04-10,TuRa Asseln,Away,22,22,2,0,2,Annika,Herbig,Ana,Zabell,Zabell,,,NOTE: Missing Second Assist Data,herbig,zabell,zabell,,,,,
2021-22,17,Kreisliga A,MD14,2022-04-10,TuRa Asseln,Away,38,38,3,0,3,Ana,Zabell,Allegra,Gerres,Gerres,,,NOTE: Missing Second Assist Data,zabell,gerres,gerres,,,,,
2021-22,17,Kreisliga A,MD14,2022-04-10,TuRa Asseln,Away,56,56,4,0,4,Vanessa,Heim,,,,,,NOTE: Missing Second Assist Data,heim,,,,,,,
2021-22,17,Kreisliga A,MD14,2022-04-10,TuRa Asseln,Away,82,82,5,0,5,Hannah,Goosmann,,,,,,NOTE: Missing Second Assist Data,goosmann,,,,,,,
2021-22,17,Kreisliga A,MD14,2022-04-10,TuRa Asseln,Away,84,84,6,0,6,Ann-Katrin,Lau,Kimberly,Becker,Becker,,,NOTE: Missing Second Assist Data,lau,becker,becker,,,,,
2021-22,17,Kreisliga A,MD14,2022-04-10,TuRa Asseln,Away,87,87,7,0,7,Vanessa,Heim,,,,,,NOTE: Missing Second Assist Data,heim,,,,,,,
2021-22,17,Kreisliga A,MD14,2022-04-10,TuRa Asseln,Away,90+1,90.1,8,0,8,Hannah,Goosmann,Vanessa,Heim,Heim,,,NOTE: Missing Second Assist Data,goosmann,heim,heim,,,,,
2021-22,18,Kreisliga A,MD15,2022-04-24,SF Ay Yildiz Derne,Home,8,8,1,0,1,Vanessa,Heim,,,,,Penalty,No Assists (Penalty),heim,,,,,,,
2021-22,18,Kreisliga A,MD15,2022-04-24,SF Ay Yildiz Derne,Home,11,11,2,0,2,Vanessa,Heim,,,,,,No Assists (Hit shin of Marina Jung after a corner),heim,,,,,,,
2021-22,18,Kreisliga A,MD15,2022-04-24,SF Ay Yildiz Derne,Home,47,47,3,0,3,Lisa,Klemann,Vanessa,Heim,Heim,,,,klemann,heim,heim,bergmann,,,,
2021-22,18,Kreisliga A,MD15,2022-04-24,SF Ay Yildiz Derne,Home,48,48,4,0,4,Vanessa,Heim,,,Kaul,,,"No Official Assist (Lau cross stopped by keeper, Kaul shot off post)",heim,,kaul,lau,,,,
2021-22,18,Kreisliga A,MD15,2022-04-24,SF Ay Yildiz Derne,Home,55,55,5,0,5,Carolin,Kaul,Lisa,Klemann,Klemann,,,,kaul,klemann,klemann,heim,,,,
2021-22,18,Kreisliga A,MD15,2022-04-24,SF Ay Yildiz Derne,Home,68,68,6,0,6,Hannah,Goosmann,Lea,Rogge-Herper,Rogge-Herper,,,,goosmann,rogge-herper,rogge-herper,heim,,,,
2021-22,19,Kreispokal,SF,2022-04-28,Wambeler SV,Home,3,3,1,0,1,Ana,Zabell,,,,,,,zabell,,,,,,,
2021-22,19,Kreispokal,SF,2022-04-28,Wambeler SV,Home,17,17,2,0,2,Virginia,Glänzer,,,,,Direct corner kick,No Assists (Directly from Corner),glanzer,,,,,,,
2021-22,19,Kreispokal,SF,2022-04-28,Wambeler SV,Home,67,67,3,0,3,Lea,Rogge-Herper,Hannah,Goosmann,Goosmann,,,No Second Assist (headed by defender),rogge-herper,goosmann,goosmann,,,,,
2021-22,19,Kreispokal,SF,2022-04-28,Wambeler SV,Home,77,77,4,0,4,Annika,Fälker,Marina,Jung,Jung,,,,falker,jung,jung,rogge-herper,,,,
2021-22,20,Kreisliga A,MD16,2022-05-01,Lüner SV,Away,2,2,1,0,1,Allegra,Gerres,Annika,Billig,,,,,gerres,billig,,,,,,
2021-22,20,Kreisliga A,MD16,2022-05-01,Lüner SV,Away,6,6,2,0,2,Lea,Rogge-Herper,,,,,,,rogge-herper,,,,,,,
2021-22,20,Kreisliga A,MD16,2022-05-01,Lüner SV,Away,24,24,3,0,3,Lea,Rogge-Herper,Marina,Jung,,,,,rogge-herper,jung,,,,,,
2021-22,20,Kreisliga A,MD16,2022-05-01,Lüner SV,Away,26,26,4,0,4,Annika,Billig,,,,,,,billig,,,,,,,
2021-22,20,Kreisliga A,MD16,2022-05-01,Lüner SV,Away,30,30,5,0,5,Lea,Rogge-Herper,,,,,,,rogge-herper,,,,,,,
2021-22,20,Kreisliga A,MD16,2022-05-01,Lüner SV,Away,31,31,6,0,6,Hannah,Goosmann,,,,,,,goosmann,,,,,,,
2021-22,20,Kreisliga A,MD16,2022-05-01,Lüner SV,Away,39,39,7,0,7,Annika,Billig,,,,,,,billig,,,,,,,
2021-22,20,Kreisliga A,MD16,2022-05-01,Lüner SV,Away,42,42,8,0,8,Hannah,Goosmann,Annika,Fälker,,,,,goosmann,falker,,,,,,
2021-22,20,Kreisliga A,MD16,2022-05-01,Lüner SV,Away,56,56,9,0,9,Hannah,Goosmann,,,,,,,goosmann,,,,,,,
2021-22,20,Kreisliga A,MD16,2022-05-01,Lüner SV,Away,59,59,10,0,10,Hannah,Goosmann,,,,,,,goosmann,,,,,,,
2021-22,20,Kreisliga A,MD16,2022-05-01,Lüner SV,Away,68,68,11,0,11,Lea,Rogge-Herper,,,,,,,rogge-herper,,,,,,,
2021-22,20,Kreisliga A,MD16,2022-05-01,Lüner SV,Away,75,75,12,0,12,Lilli,Prinzen,,,,,Direct free kick,,prinzen,,,,,,,
2021-22,20,Kreisliga A,MD16,2022-05-01,Lüner SV,Away,77,77,13,0,13,Vanessa,Heim,,,,,,,heim,,,,,,,
2021-22,20,Kreisliga A,MD16,2022-05-01,Lüner SV,Away,81,81,14,0,14,Laura,Höhl,,,,,,,hohl,,,,,,,
2021-22,20,Kreisliga A,MD16,2022-05-01,Lüner SV,Away,87,87,15,0,15,Marina,Jung,,,,,,,jung,,,,,,,
2021-22,20,Kreisliga A,MD16,2022-05-01,Lüner SV,Away,89,89,16,0,16,Ana,Zabell,,,,,,,zabell,,,,,,,
2021-22,20,Kreisliga A,MD16,2022-05-01,Lüner SV,Away,90,90,17,0,17,Ana,Zabell,,,,,,,zabell,,,,,,,